[{"model": "pdc.category", "pk": 1, "fields": {"path": "000Y", "depth": 1, "numchild": 0, "name": "Opvoeding en gezin", "slug": "opvoeding-en-gezin", "published": true, "visible_for_anonymous": true, "visible_for_companies": true, "visible_for_citizens": true, "zaaktypen": "[]", "highlighted": false, "description": "Alles over zorg en ondersteuning, vanuit eigen kracht en netwerk én vanuit de Wmo, Wlz of een andere wet", "icon": 35, "image": 35, "auto_redirect_to_link": "", "access_groups": []}}, {"model": "pdc.category", "pk": 2, "fields": {"path": "001A", "depth": 1, "numchild": 3, "name": "Zorg en ondersteuning", "slug": "zorg-en-ondersteuning", "published": true, "visible_for_anonymous": true, "visible_for_companies": true, "visible_for_citizens": true, "zaaktypen": "[]", "highlighted": false, "description": "", "icon": 36, "image": 36, "auto_redirect_to_link": "", "access_groups": []}}, {"model": "pdc.category", "pk": 3, "fields": {"path": "0019", "depth": 1, "numchild": 0, "name": "Wonen en huishouden", "slug": "wonen-en-huishouden", "published": true, "visible_for_anonymous": true, "visible_for_companies": true, "visible_for_citizens": true, "zaaktypen": "[]", "highlighted": false, "description": "", "icon": null, "image": 42, "auto_redirect_to_link": "", "access_groups": []}}, {"model": "pdc.category", "pk": 4, "fields": {"path": "0016", "depth": 1, "numchild": 0, "name": "Werk, geld en uitkering", "slug": "werk-en-inkomen", "published": true, "visible_for_anonymous": true, "visible_for_companies": true, "visible_for_citizens": true, "zaaktypen": "[]", "highlighted": false, "description": "", "icon": null, "image": 43, "auto_redirect_to_link": "", "access_groups": []}}, {"model": "pdc.category", "pk": 5, "fields": {"path": "0015", "depth": 1, "numchild": 0, "name": "Vrijwilligerswerk", "slug": "vrijwilligerswerk", "published": true, "visible_for_anonymous": true, "visible_for_companies": true, "visible_for_citizens": true, "zaaktypen": "[]", "highlighted": false, "description": "", "icon": 37, "image": 44, "auto_redirect_to_link": "", "access_groups": []}}, {"model": "pdc.category", "pk": 6, "fields": {"path": "0013", "depth": 1, "numchild": 0, "name": "Vervoer", "slug": "vervoer", "published": true, "visible_for_anonymous": true, "visible_for_companies": true, "visible_for_citizens": true, "zaaktypen": "[]", "highlighted": false, "description": "", "icon": null, "image": 39, "auto_redirect_to_link": "", "access_groups": []}}, {"model": "pdc.category", "pk": 7, "fields": {"path": "001A0003", "depth": 2, "numchild": 0, "name": "Zorgen voor een ander", "slug": "zorgen-voor-een-ander", "published": true, "visible_for_anonymous": true, "visible_for_companies": true, "visible_for_citizens": true, "zaaktypen": "[]", "highlighted": true, "description": "", "icon": null, "image": 40, "auto_redirect_to_link": "", "access_groups": []}}, {"model": "pdc.category", "pk": 8, "fields": {"path": "000X", "depth": 1, "numchild": 0, "name": "Opleiding", "slug": "opleiding", "published": true, "visible_for_anonymous": true, "visible_for_companies": true, "visible_for_citizens": true, "zaaktypen": "[]", "highlighted": false, "description": "Heb je vragen over het volgen van een opleiding? Of wil je hierover met iemand in gesprek? We kunnen op verschillende manieren ondersteunen.", "icon": 34, "image": 34, "auto_redirect_to_link": "", "access_groups": []}}, {"model": "pdc.category", "pk": 9, "fields": {"path": "000T", "depth": 1, "numchild": 0, "name": "Activiteiten en meedoen", "slug": "activiteiten-en-meedoen", "published": true, "visible_for_anonymous": true, "visible_for_companies": true, "visible_for_citizens": true, "zaaktypen": "[]", "highlighted": false, "description": "", "icon": 30, "image": 30, "auto_redirect_to_link": "", "access_groups": []}}, {"model": "pdc.category", "pk": 10, "fields": {"path": "000V", "depth": 1, "numchild": 4, "name": "Gezond blijven", "slug": "gezond-blijven", "published": true, "visible_for_anonymous": true, "visible_for_companies": true, "visible_for_citizens": true, "zaaktypen": "[]", "highlighted": true, "description": "", "icon": 73, "image": 32, "auto_redirect_to_link": "", "access_groups": []}}, {"model": "pdc.category", "pk": 27, "fields": {"path": "000W", "depth": 1, "numchild": 0, "name": "Inburgering", "slug": "inburgering", "published": true, "visible_for_anonymous": true, "visible_for_companies": true, "visible_for_citizens": true, "zaaktypen": "[]", "highlighted": true, "description": "Wilt u beter de Nederlandse taal leren? Of uw weg leren kennen in de Deventer samenleving? Of moet u een verplicht inburgeringstraject volgen? Lees wat de mogelijkheden zijn.\r\n<p class=\"p\"><button class=\"button button--primary\">Knop html\\</button><br>\r\n</p><blockquote style=\"background-color: yellow;\">Lorem ipsum blockquote</blockquote>", "icon": 33, "image": 33, "auto_redirect_to_link": "", "access_groups": []}}, {"model": "pdc.category", "pk": 28, "fields": {"path": "000V0001", "depth": 2, "numchild": 2, "name": "Check Up", "slug": "check-up", "published": true, "visible_for_anonymous": true, "visible_for_companies": true, "visible_for_citizens": true, "zaaktypen": "[]", "highlighted": false, "description": "Health checkup", "icon": null, "image": null, "auto_redirect_to_link": "", "access_groups": []}}, {"model": "pdc.category", "pk": 34, "fields": {"path": "000U", "depth": 1, "numchild": 0, "name": "asd", "slug": "asd", "published": false, "visible_for_anonymous": true, "visible_for_companies": true, "visible_for_citizens": true, "zaaktypen": "[]", "highlighted": false, "description": "asda", "icon": null, "image": null, "auto_redirect_to_link": "", "access_groups": []}}, {"model": "pdc.category", "pk": 35, "fields": {"path": "000V00010005", "depth": 3, "numchild": 0, "name": "subCheck", "slug": "subcheck", "published": true, "visible_for_anonymous": true, "visible_for_companies": true, "visible_for_citizens": true, "zaaktypen": "[]", "highlighted": false, "description": "sub sub thema?", "icon": null, "image": null, "auto_redirect_to_link": "", "access_groups": []}}, {"model": "pdc.category", "pk": 36, "fields": {"path": "000V00010004", "depth": 3, "numchild": 0, "name": "checkuppijl", "slug": "checkuppijl", "published": true, "visible_for_anonymous": true, "visible_for_companies": true, "visible_for_citizens": true, "zaaktypen": "[]", "highlighted": false, "description": "", "icon": null, "image": null, "auto_redirect_to_link": "", "access_groups": []}}, {"model": "pdc.category", "pk": 37, "fields": {"path": "000V0006", "depth": 2, "numchild": 0, "name": "Leeg thema", "slug": "leeg-thema", "published": true, "visible_for_anonymous": true, "visible_for_companies": true, "visible_for_citizens": true, "zaaktypen": "[]", "highlighted": false, "description": "lorm ipsum dolor", "icon": 63, "image": 63, "auto_redirect_to_link": "", "access_groups": []}}, {"model": "pdc.category", "pk": 38, "fields": {"path": "000V0005", "depth": 2, "numchild": 0, "name": "Gezond thema drie", "slug": "gezond-thema-drie", "published": true, "visible_for_anonymous": true, "visible_for_companies": true, "visible_for_citizens": true, "zaaktypen": "[]", "highlighted": false, "description": "Lorem ipsum dolor sit amet, consectetuer adipiscing elit. Aenean commodo ligula eget dolor. Aenean massa. Cum sociis natoque penatibus et magnis dis parturient montes, nascetur ridiculus mus. Donec quam felis, ultricies.", "icon": null, "image": null, "auto_redirect_to_link": "", "access_groups": []}}, {"model": "pdc.category", "pk": 39, "fields": {"path": "000V0007", "depth": 2, "numchild": 0, "name": "Vierde gezond thema", "slug": "vierde-gezond-thema", "published": true, "visible_for_anonymous": true, "visible_for_companies": true, "visible_for_citizens": true, "zaaktypen": "[]", "highlighted": false, "description": "Dolor sit amet, consectetuer adipiscing elit. Aenean commodo ligula eget dolor. Aenean massa. Cum sociis natoque penatibus et magnis dis parturient montes, nascetur ridiculus mus. Donec quam felis, ultricies.", "icon": null, "image": null, "auto_redirect_to_link": "", "access_groups": []}}, {"model": "pdc.category", "pk": 40, "fields": {"path": "001A0002", "depth": 2, "numchild": 0, "name": "Ondersteuning nu", "slug": "ondersteuning-nu", "published": true, "visible_for_anonymous": true, "visible_for_companies": true, "visible_for_citizens": true, "zaaktypen": "[]", "highlighted": false, "description": "Lorem ipsum dolor sit amet, consectetuer adipiscing elit. Aenean commodo ligula eget dolor. Aenean massa. Cum sociis natoque penatibus et magnis dis parturient montes, nascetur ridiculus mus. Donec quam felis, ultricies.", "icon": null, "image": null, "auto_redirect_to_link": "", "access_groups": []}}, {"model": "pdc.category", "pk": 41, "fields": {"path": "001A0001", "depth": 2, "numchild": 0, "name": "Mantelzorgen", "slug": "mantelzorgen", "published": true, "visible_for_anonymous": true, "visible_for_companies": true, "visible_for_citizens": true, "zaaktypen": "[]", "highlighted": false, "description": "Lorem ipsum dolor sit amet, consectetuer adipiscing elit. Aenean commodo ligula eget dolor. Aenean massa. Cum sociis natoque penatibus et magnis dis parturient montes, nascetur ridiculus mus. Donec quam felis, ultricies.", "icon": null, "image": null, "auto_redirect_to_link": "", "access_groups": []}}, {"model": "pdc.question", "pk": 1, "fields": {"order": 0, "category": 2, "product": null, "question": "Ik heb moeite met het huishouden, waar kan ik terecht?", "answer": "Voorbeeld antwoord 1\r\n\r\nDit is een [externe link](https://www.maykinmedia.nl) / Dit is een [interne](/onderwerpen) link."}}, {"model": "pdc.question", "pk": 2, "fields": {"order": 1, "category": 9, "product": null, "question": "Ik ben slecht ter been maar woon nog zelfstandig, wie kan mij helpen?", "answer": "Voorbeeld antwoord lorem ipsum\r\n\r\nDit is een [externe link](https://www.maykinmedia.nl) / dit is een [interne](/onderwerpen) link, consectetuer adipiscing elit. Aenean commodo ligula eget dolor."}}, {"model": "pdc.question", "pk": 3, "fields": {"order": 0, "category": 4, "product": null, "question": "TEST Ik wil van mijn schulden af. Bij wie kan ik terecht?", "answer": "."}}, {"model": "pdc.question", "pk": 4, "fields": {"order": 0, "category": 7, "product": null, "question": "lorem ipsum donor?", "answer": "The \\[attribute=\"value\"\\] selector is used to select elements with a specified attribute and value."}}, {"model": "pdc.question", "pk": 5, "fields": {"order": 0, "category": 3, "product": null, "question": "Hoe moet ik logeeropvang aanvragen?", "answer": "Via de aanvragen knop komt u in het formulier om de logeeropvang aan te vragen.\r\n\r\nTwijfelt u of u in [aanmerking](#) komt of heeft u al opvang en wijzigt uw situatie? Neem dan contact op met de gemeente."}}, {"model": "pdc.question", "pk": 6, "fields": {"order": 1, "category": null, "product": 3, "question": "Ik kan de eigen bijdrage niet betalen, wat moet ik doen?", "answer": "Neem in dat geval contact op met de gemeente, als u te weinig inkomen heeft dan zal er gekeken worden of u de eigen bijdrage voor u al dan niet van toepassing is."}}, {"model": "pdc.question", "pk": 7, "fields": {"order": 2, "category": 9, "product": null, "question": "Een lorem ipsum dolor ec heset?", "answer": "Voorbeeld antwoord lorem ipsum consectetuer adipiscing.\r\n\r\nDit is een [linkje](https://www.maykinmedia.nl) amet,  elit. Aenean commodo ligula eget dolor heset."}}, {"model": "pdc.question", "pk": 8, "fields": {"order": 3, "category": 9, "product": null, "question": "scrollIntoView, block center, behavior smooth?", "answer": "Nullam dictum felis eu pede mollis pretium. Integer tincidunt. Cras dapibus. Vivamus elementum semper nisi. Aenean vulputate eleifend tellus."}}, {"model": "pdc.question", "pk": 9, "fields": {"order": 4, "category": 9, "product": null, "question": "nascetur ridiculus mus?", "answer": "Donec pede justo, fringilla vel, aliquet nec, vulputate eget, arcu. In enim justo, rhoncus ut, imperdiet a, venenatis vitae, justo."}}, {"model": "pdc.question", "pk": 10, "fields": {"order": 5, "category": 9, "product": null, "question": "Duis leo. Sed fringilla mauris?", "answer": "Sed fringilla mauris sit amet nibh. Donec sodales sagittis magna. Sed consequat, leo eget bibendum sodales, augue velit cursus nunc"}}, {"model": "pdc.question", "pk": 11, "fields": {"order": 2, "category": null, "product": null, "question": "FAQ standaard", "answer": "Een lege FAQ voor de Home page."}}, {"model": "pdc.question", "pk": 12, "fields": {"order": 0, "category": 27, "product": null, "question": "illegale HTML", "answer": "illegale code: \\<p class=\"p\">\\<button class=\"button button--primary\">Knop html\\</button>\\<br>  \r\n\\</p>\\<blockquote style=\"background-color: yellow;\">Lorem ipsum blockquote\\</blockquote>"}}, {"model": "pdc.question", "pk": 13, "fields": {"order": 3, "category": null, "product": null, "question": "FAQ standaard twee", "answer": "Content. Een lege FAQ voor de Home page."}}, {"model": "pdc.question", "pk": 14, "fields": {"order": 5, "category": null, "product": 18, "question": "Wat is logeeropvang?", "answer": "Logeeropvang is kort, tijdelijk verblijf in een zorginstelling. Iemand is er een nachtje of een weekend tussenuit, in een andere omgeving en met andere mensen, maar mét de nodige zorg."}}, {"model": "pdc.question", "pk": 15, "fields": {"order": 4, "category": null, "product": 18, "question": "Wat te doen bij burenruzie?", "answer": "Als uw buren voor overlast zorgen, zoals geluidsoverlast, probeer dan eerst samen afspraken te maken. Helpt dat niet, dan kunt u melding maken bij uw verhuurder, gemeente, de vereniging van eigenaren (vve) of bij toezichthouders."}}, {"model": "pdc.organization", "pk": 1, "fields": {"street": "Grote Kerkhof", "housenumber": "1", "postcode": "7411 KT", "city": "Deventer", "geometry": "SRID=4326;POINT (6.1560162 52.2518379)", "name": "Team Toegang Wmo", "slug": "zorg", "logo": null, "type": 2, "email": "toegangwmo@deventer.nl", "phonenumber": "0570695399", "neighbourhood": null}}, {"model": "pdc.organization", "pk": 2, "fields": {"street": "", "housenumber": "", "postcode": "7429 AZ", "city": "Colmschate", "geometry": "SRID=4326;POINT (6.2212105 52.2485301)", "name": "Woon- en Talentencentrum voor Doven Deventer", "slug": "woon-en-talentencentrum-voor-doven-deventer", "logo": null, "type": 1, "email": "", "phonenumber": "", "neighbourhood": null}}, {"model": "pdc.organization", "pk": 3, "fields": {"street": "", "housenumber": "", "postcode": "8024 PJ", "city": "Zwolle", "geometry": "SRID=4326;POINT (6.0943765 52.5089759)", "name": "Autismehuis", "slug": "autismehuis", "logo": null, "type": 1, "email": "", "phonenumber": "", "neighbourhood": null}}, {"model": "pdc.organization", "pk": 4, "fields": {"street": "", "housenumber": "", "postcode": "7414 CK", "city": "Deventer", "geometry": "SRID=4326;POINT (6.236339604766698 52.2695736)", "name": "De Parabool - ODC 't Lantaarntje", "slug": "de-parabool-odc-t-lantaarntje", "logo": null, "type": 1, "email": "", "phonenumber": "", "neighbourhood": null}}, {"model": "pdc.organization", "pk": 5, "fields": {"street": "", "housenumber": "", "postcode": "8031 EM", "city": "Zwolle", "geometry": "SRID=4326;POINT (6.0943765 52.5089759)", "name": "LIMOR ondersteuning en rehabilitatie - VGE Zwolle", "slug": "limor-ondersteuning-en-rehabilitatie-vge-zwolle", "logo": null, "type": 1, "email": "", "phonenumber": "", "neighbourhood": null}}, {"model": "pdc.organization", "pk": 6, "fields": {"street": "", "housenumber": "", "postcode": "8131 RV", "city": "Wijhe", "geometry": "SRID=4326;POINT (6.136018 52.3841425)", "name": "Logeerhuis Salland", "slug": "logeerhuis-salland", "logo": null, "type": 1, "email": "", "phonenumber": "", "neighbourhood": null}}, {"model": "pdc.organization", "pk": 7, "fields": {"street": "Grote Kerkhof", "housenumber": "1", "postcode": "7411 KT", "city": "Deventer", "geometry": "SRID=4326;POINT (6.1560162 52.2518379)", "name": "Jongerenloket", "slug": "jongerenloket", "logo": null, "type": 2, "email": "", "phonenumber": "", "neighbourhood": null}}, {"model": "pdc.organization", "pk": 8, "fields": {"street": "Grote Kerkhof", "housenumber": "1", "postcode": "7411 KT", "city": "Deventer", "geometry": "SRID=4326;POINT (6.1560162 52.2518379)", "name": "Gemeente Deventer", "slug": "gemeente-deventer", "logo": null, "type": 2, "email": "", "phonenumber": "140570", "neighbourhood": null}}, {"model": "pdc.organization", "pk": 9, "fields": {"street": "", "housenumber": "", "postcode": "1000 AA", "city": "Amsterdam", "geometry": "SRID=4326;POINT (4.95379623 52.36764853)", "name": "Testorganisatie", "slug": "testorganisatie", "logo": null, "type": 1, "email": "", "phonenumber": "", "neighbourhood": null}}, {"model": "pdc.organization", "pk": 10, "fields": {"street": "", "housenumber": "", "postcode": "1111 AA", "city": "Amsterdam", "geometry": "SRID=4326;POINT (4.95436827 52.34073736)", "name": "testorganisatie2", "slug": "testorganisatie2", "logo": null, "type": 1, "email": "", "phonenumber": "", "neighbourhood": null}}, {"model": "pdc.organization", "pk": 11, "fields": {"street": "", "housenumber": "", "postcode": "1099 AA", "city": "Amsterdam", "geometry": "SRID=4326;POINT (4.95379623 52.36764853)", "name": "Gemeente Enschede", "slug": "gemeente-enschede", "logo": null, "type": 2, "email": "", "phonenumber": "", "neighbourhood": null}}, {"model": "pdc.organizationtype", "pk": 1, "fields": {"name": "Stichting"}}, {"model": "pdc.organizationtype", "pk": 2, "fields": {"name": "Gemeente"}}, {"model": "pdc.categoryproduct", "pk": 1, "fields": {"order": 3, "category": 1, "product": 1}}, {"model": "pdc.categoryproduct", "pk": 3, "fields": {"order": 1, "category": 2, "product": 3}}, {"model": "pdc.categoryproduct", "pk": 17, "fields": {"order": 2, "category": 1, "product": 19}}, {"model": "pdc.categoryproduct", "pk": 34, "fields": {"order": 0, "category": 2, "product": 36}}, {"model": "pdc.categoryproduct", "pk": 35, "fields": {"order": 0, "category": 1, "product": 37}}, {"model": "pdc.categoryproduct", "pk": 36, "fields": {"order": 0, "category": 8, "product": 38}}, {"model": "pdc.categoryproduct", "pk": 38, "fields": {"order": 0, "category": 3, "product": 18}}, {"model": "pdc.categoryproduct", "pk": 87, "fields": {"order": 1, "category": 1, "product": 96}}, {"model": "pdc.categoryproduct", "pk": 96, "fields": {"order": 2, "category": 28, "product": 101}}, {"model": "pdc.categoryproduct", "pk": 97, "fields": {"order": 0, "category": 28, "product": 37}}, {"model": "pdc.categoryproduct", "pk": 98, "fields": {"order": 1, "category": 28, "product": 19}}, {"model": "pdc.product", "pk": 1, "fields": {"name": "Persoonlijk plan", "slug": "persoonlijk-plan", "published": true, "summary": "Een persoonlijk plan is een document waarin u vastlegt welke problemen u ervaart en welke oplossingen, zorg en ondersteuning daarbij passen. Het is een hulpmiddel om na te denken over wat voor ondersteuning u nodig heeft.", "content_is_collapsable": false, "icon": null, "image": null, "link": "", "auto_redirect_to_link": "", "button_text": "Aanvraag starten", "form": "", "content": "### Eenvoudige uitleg\r\n\r\nVoor uitleg in simpele taal kunt u ook kijken op Mijnondersteuningsplan.nl, een website die informatie geeft over het ondersteuningsplan, een soort persoonlijk plan. U kunt ook zelf een ondersteuningsplan maken door de vragen op de website te beantwoorden. Daarna kunt u het plan uitprinten.\r\n\r\nKlik op deze [**link naar MijnOndersteuning**](https://via.placeholder.com/1500) om naar de website te gaan.\r\n\r\n### Persoonlijk plan en keukentafelgesprek\r\n\r\nU mag een persoonlijk plan maken als u een melding doet bij Team Toegang Wmo, maar dit is niet verplicht. Lever het plan in uiterlijk 7 dagen nadat u melding heeft gedaan. Levert u het plan op tijd in, dan is de gemeente verplicht om het plan te bespreken bij het keukentafelgesprek.\r\n\r\nHet is daarom handig om al met het persoonlijk plan te beginnen voordat u een melding doet bij Team Toegang Wmo. Dan heeft u er meer tijd voor. Meer lezen over de Wmo-melding.\r\n\r\n### Persoonlijk plan maken\r\n\r\nEen persoonlijk plan maakt u in principe zelf. Komt u er alleen niet uit, vraag dan hulp aan iemand in uw omgeving. U kunt ook gratis hulp en advies krijgen van een cliëntondersteuner.\r\n\r\nWilt u aan de slag met maken van een persoonlijk plan, dan kunt u hier een Word-bestand met uitleg en werkbladen downloaden (DOCX, 19,9 kB). Deze vragenlijsten kunt u invullen en als basis voor uw plan gebruiken. Ze zijn onderdeel van de uitgebreide folder over het keukentafelgesprek (PDF, 168,9 kB).\r\n\r\n### Online vragenlijst als hulpmiddel bij persoonlijk plan\r\n\r\nDoor een vragenlijst in te vullen over uw leven kunt u gemakkelijk een overzicht krijgen van wat er speelt. Dat kan handig zijn bij het maken van uw persoonlijk plan.\r\n\r\nU kunt bijvoorbeeld eens kijken op Mijn ZRM, een website waar u uw zelfredzaamheid kunt meten door stellingen te beantwoorden. ZRM staat voor zelfredzaamheidsmatrix. Veel gemeenten werken met deze methode.  \r\nMijn kwaliteit van leven: op deze website kunt u met vragenlijsten uw situatie in beeld brengen. U kunt het resultaat gebruiken bij het maken van een persoonlijk plan. Maar de gegevens helpen ook om voor heel Nederland een beeld te schetsen. De makers van de website gebruiken dit om landelijk aandacht te vragen voor betere zorg.  \r\nBent u van plan om een persoonsgebonden budget (pgb) aan te vragen, dan kunt u eens kijken naar de tips en het voorbeeldformulier van Per Saldo, de belangenvereniging voor mensen met een pgb.", "video": null, "costs": "0.00", "created_on": "2021-10-29T15:49:12.636Z", "updated_on": "2023-03-28T14:19:11.215Z", "keywords": "[]", "uniforme_productnaam": "", "related_products": [1], "tags": [1, 2, 3, 4], "organizations": [], "contacts": [], "locations": [], "conditions": []}}, {"model": "pdc.product", "pk": 3, "fields": {"name": "Logeeropvang", "slug": "logeeropvang", "published": true, "summary": "Lorem ipsum dolor sit amet, consectetuer adipiscing elit. Aenean commodo ligula eget dolor. Aenean massa. Cum sociis natoque penatibus et magnis dis parturient montes, nascetur ridiculus mus.", "content_is_collapsable": true, "icon": 48, "image": 40, "link": "https://denhaag.test.open-formulieren.nl/adres-demo/", "auto_redirect_to_link": "", "button_text": "Aanvraag starten", "form": "", "content": "## **Logeeradres vinden**\r\n\r\nLogeeropvang voor volwassenen wordt aangeboden door verschillende soorten organisaties. Zoals logeerhuizen, zorginstellingen, woonvormen en zorgboerderijen. Kijk onder ‘[Organisaties](https://www.deventerwijzer.nl/is/organisaties?x=83)’ en/of [Hulpaanbod](https://www.deventerwijzer.nl/is/producten?x=244) voor mogelijkheden. De opvang kan op verschillende manieren vergoed worden.\r\n\r\nVoor opvang voor kinderen kunt u ook kijken bij [logeeropvang **voor uw kin**d](https://www.deventerwijzer.nl/is/een-vraag-over-2/opvoeding/kind-met-beperking/opvang-en-wonen/logeeropvang-jeugd).\r\n\r\n## **Logeeropvang voor volwassenen**\r\n\r\nLogeeropvang is [**respijtzorg**](https://www.deventerwijzer.nl/is/een-vraag-over-2/zorgen-voor-een-ander/hulp-bij-de-mantelzorg/respijtzorg): het is bedoeld om de mantelzorger rust te geven. Het is een vorm van ondersteuning vanuit de Wet maatschappelijke ondersteuning ([**Wmo**](https://www.deventerwijzer.nl/is/een-vraag-over-2/zorg-en-ondersteuning/wmo/wmo)). Uitgangspunt van deze wet is dat u eerst kijkt of u een probleem misschien met [**hulp uit uw eigen omgeving**](https://www.deventerwijzer.nl/is/een-vraag-over-2/zorgen-voor-een-ander/hulp-bij-de-mantelzorg/hulp-vragen) kunt oplossen. Of misschien met hulp van een [**vrijwilliger**](https://www.deventerwijzer.nl/is/een-vraag-over-2/vrijwilligerswerk/hulp-zoeken/vrijwilliger-nodig).\r\n\r\nIs dat geen oplossing, dan kunt u contact opnemen met [**Team Toegang Wmo**](https://www.deventerwijzer.nl/is/een-vraag-over-2/zorg-en-ondersteuning/team-toegang-wmo/werkwijze) voor logeeropvang. Een medewerker van team toegang wmo bekijkt dan samen met u of logeeropvang een geschikte oplossing is.\r\n\r\n\\[CTABUTTON\\]\r\n\r\n## **Logeeropvang en langdurige zorg (Wlz)**\r\n\r\nKrijgt u langdurige zorg (uit de Wet langdurige zorg, de [**Wlz**](https://www.deventerwijzer.nl/is/een-vraag-over-2/zorg-en-ondersteuning/zorg-aanvragen/zorgwetten/wlz-zorg)) dan is het ook mogelijk om logeeropvang te regelen. Voorwaarde is dat iemand thuis woont, met Wlz-zorg aan huis, en wordt verzorgd door een familielid of mantelzorger. Dit geldt ook voor kinderen en jongeren met een Wlz-indicatie. Heeft u een indicatie voor Wlz-zorg, dan helpt het zorgkantoor u bij het regelen van logeeropvang. U kunt logeeropvang eventueel betalen vanuit een persoonsgebonden budget (pgb).\r\n\r\n## **Eigen bijdrage**\r\n\r\nVoor kortdurend verblijf betaalt u een [**eigen bijdrage**](https://www.deventerwijzer.nl/is/een-vraag-over-2/zorg-en-ondersteuning/zorg-aanvragen/eigen-bijdrage). Dit geldt niet voor de logeeropvang van kinderen tot 18 jaar.", "video": null, "costs": "0.00", "created_on": "2021-11-01T13:36:53.653Z", "updated_on": "2024-05-13T09:00:25.879Z", "keywords": "[]", "uniforme_productnaam": "", "related_products": [18], "tags": [1], "organizations": [4, 5, 6], "contacts": [2], "locations": [1], "conditions": [1, 2]}}, {"model": "pdc.product", "pk": 18, "fields": {"name": "Burenruzie of overlast", "slug": "burenruzie-of-overlast", "published": true, "summary": "Logeeropvang is kort, tijdelijk verblijf in een zorginstelling. Iemand is er een nachtje of een weekend tussenuit, in een andere omgeving en met andere mensen, maar mét de nodige zorg. Ondertussen hebben de mensen thuis, die normaal de zorg en aandacht geven, tijd voor zichzelf.\r\n\r\nLogeeropvang heet", "content_is_collapsable": false, "icon": null, "image": null, "link": "", "auto_redirect_to_link": "", "button_text": "Aanvraag starten", "form": "", "content": "## **Logeeradres vinden**\r\n\r\nLogeeropvang voor volwassenen wordt aangeboden door verschillende soorten organisaties. Zoals logeerhuizen, zorginstellingen, woonvormen en zorgboerderijen. Kijk onder ‘[**Organisaties**](https://www.deventerwijzer.nl/is/organisaties?x=83)’ en/of [**Hulpaanbod**](https://www.deventerwijzer.nl/is/producten?x=244) voor mogelijkheden. De opvang kan op verschillende manieren vergoed worden.\r\n\r\n<table><tbody><tr><td>Koptitel twee breed</td><td>Lorem ipsum dolor ec heset</td></tr><tr><td>Magnis dis</td><td>Lorem ipsum dolor sit amet, consectetuer adipiscing elit. Aenean commodo ligula eget dolor. Aenean massa. Cum sociis natoque penatibus et magnis dis</td></tr></tbody></table>\r\n\r\nVoor opvang voor kinderen kunt u ook kijken bij [**logeeropvang voor uw kind**](https://www.deventerwijzer.nl/is/een-vraag-over-2/opvoeding/kind-met-beperking/opvang-en-wonen/logeeropvang-jeugd).\r\n\r\n<table><tbody><tr><td>Koptitel drie breed</td><td>Quisque rutrum. Aenean imperdiet.</td><td>Lorem ipsum dolor</td></tr><tr><td>Koptitel drie breed</td><td>Quisque rutrum. Aenean imperdiet.</td><td>Lorem ipsum dolor</td></tr></tbody></table>\r\n\r\n## **Logeeropvang voor volwassenen**\r\n\r\nLogeeropvang is [**respijtzorg**](https://www.deventerwijzer.nl/is/een-vraag-over-2/zorgen-voor-een-ander/hulp-bij-de-mantelzorg/respijtzorg): het is bedoeld om de mantelzorger rust te geven. Het is een vorm van ondersteuning vanuit de Wet maatschappelijke ondersteuning ([**Wmo**](https://www.deventerwijzer.nl/is/een-vraag-over-2/zorg-en-ondersteuning/wmo/wmo)). Uitgangspunt van deze wet is dat u eerst kijkt of u een probleem misschien met [**hulp uit uw eigen omgeving**](https://www.deventerwijzer.nl/is/een-vraag-over-2/zorgen-voor-een-ander/hulp-bij-de-mantelzorg/hulp-vragen) kunt oplossen. Of misschien met hulp van een [**vrijwilliger**](https://www.deventerwijzer.nl/is/een-vraag-over-2/vrijwilligerswerk/hulp-zoeken/vrijwilliger-nodig).\r\n\r\nIs dat geen oplossing, dan kunt u contact opnemen met [**Team Toegang Wmo**](https://www.deventerwijzer.nl/is/een-vraag-over-2/zorg-en-ondersteuning/team-toegang-wmo/werkwijze) voor logeeropvang. Een medewerker van team toegang wmo bekijkt dan samen met u of logeeropvang een geschikte oplossing is.\r\n\r\n## **Logeeropvang en langdurige zorg (Wlz)**\r\n\r\nKrijgt u langdurige zorg (uit de Wet langdurige zorg, de [**Wlz**](https://www.deventerwijzer.nl/is/een-vraag-over-2/zorg-en-ondersteuning/zorg-aanvragen/zorgwetten/wlz-zorg)) dan is het ook mogelijk om logeeropvang te regelen. Voorwaarde is dat iemand thuis woont, met Wlz-zorg aan huis, en wordt verzorgd door een familielid of mantelzorger. Dit geldt ook voor kinderen en jongeren met een Wlz-indicatie. Heeft u een indicatie voor Wlz-zorg, dan helpt het zorgkantoor u bij het regelen van logeeropvang. U kunt logeeropvang eventueel betalen vanuit een persoonsgebonden budget (pgb).\r\n\r\n![](/media/filer_public/d6/56/d656916e-dd82-4c73-a826-829836cd134b/bigstock-real-estate-agent-or-sales-man-430959779.jpg)\r\n\r\n## **Eigen bijdrage**\r\n\r\nVoor kortdurend verblijf betaalt u een [**eigen bijdrage**](https://www.deventerwijzer.nl/is/een-vraag-over-2/zorg-en-ondersteuning/zorg-aanvragen/eigen-bijdrage). Dit geldt niet voor de logeeropvang van kinderen tot 18 jaar.", "video": null, "costs": "0.00", "created_on": "2021-11-24T16:00:14.010Z", "updated_on": "2024-04-22T13:08:41.324Z", "keywords": "[]", "uniforme_productnaam": "", "related_products": [], "tags": [], "organizations": [4, 5, 6], "contacts": [], "locations": [], "conditions": [3]}}, {"model": "pdc.product", "pk": 19, "fields": {"name": "Hulpmiddelen", "slug": "hulpmiddelen", "published": true, "summary": "Lorem ipsum dolor sit amet, consectetur adipiscing elit, sed do eiusmod tempor incididunt ut labore et dolore magna aliqua. Ut enim ad minim veniam.", "content_is_collapsable": false, "icon": null, "image": null, "link": "https://loremipsum.io/generator/", "auto_redirect_to_link": "", "button_text": "Aanvraag starten", "form": "aanmelden-afscheid-burgemeester-023cfc", "content": "### Eenvoudige uitleg\r\n\r\nVoor uitleg in simpele taal kunt u ook kijken op Mijnondersteuningsplan.nl, een website die informatie geeft over het ondersteuningsplan, een soort persoonlijk plan. U kunt ook zelf een ondersteuningsplan maken door de vragen op de website te beantwoorden. Daarna kunt u het plan uitprinten.\r\n\r\nKlik op deze [**link naar MijnOndersteuning**](https://via.placeholder.com/1500) om naar de website te gaan.\r\n\r\n### Persoonlijk plan en keukentafelgesprek\r\n\r\nU mag een persoonlijk plan maken als u een melding doet bij Team Toegang Wmo, maar dit is niet verplicht. Lever het plan in uiterlijk 7 dagen nadat u melding heeft gedaan. Levert u het plan op tijd in, dan is de gemeente verplicht om het plan te bespreken bij het keukentafelgesprek.\r\n\r\nHet is daarom handig om al met het persoonlijk plan te beginnen voordat u een melding doet bij Team Toegang Wmo. Dan heeft u er meer tijd voor. Meer lezen over de Wmo-melding.\r\n\r\n### Persoonlijk plan maken\r\n\r\nEen persoonlijk plan maakt u in principe zelf. Komt u er alleen niet uit, vraag dan hulp aan iemand in uw omgeving. U kunt ook gratis hulp en advies krijgen van een cliëntondersteuner.\r\n\r\nWilt u aan de slag met maken van een persoonlijk plan, dan kunt u hier een Word-bestand met uitleg en werkbladen downloaden (DOCX, 19,9 kB). Deze vragenlijsten kunt u invullen en als basis voor uw plan gebruiken. Ze zijn onderdeel van de uitgebreide folder over het keukentafelgesprek (PDF, 168,9 kB).\r\n\r\n### Online vragenlijst als hulpmiddel bij persoonlijk plan\r\n\r\nDoor een vragenlijst in te vullen over uw leven kunt u gemakkelijk een overzicht krijgen van wat er speelt. Dat kan handig zijn bij het maken van uw persoonlijk plan.\r\n\r\nU kunt bijvoorbeeld eens kijken op Mijn ZRM, een website waar u uw zelfredzaamheid kunt meten door stellingen te beantwoorden. ZRM staat voor zelfredzaamheidsmatrix. Veel gemeenten werken met deze methode.  \r\nMijn kwaliteit van leven: op deze website kunt u met vragenlijsten uw situatie in beeld brengen. U kunt het resultaat gebruiken bij het maken van een persoonlijk plan. Maar de gegevens helpen ook om voor heel Nederland een beeld te schetsen. De makers van de website gebruiken dit om landelijk aandacht te vragen voor betere zorg.  \r\nBent u van plan om een persoonsgebonden budget (pgb) aan te vragen, dan kunt u eens kijken naar de tips en het voorbeeldformulier van Per Saldo, de belangenvereniging voor mensen met een pgb.", "video": null, "costs": "0.00", "created_on": "2021-11-24T16:00:14.256Z", "updated_on": "2023-06-13T18:20:09.465Z", "keywords": "[]", "uniforme_productnaam": "", "related_products": [1], "tags": [1, 2, 3, 4], "organizations": [], "contacts": [], "locations": [], "conditions": [2]}}, {"model": "pdc.product", "pk": 36, "fields": {"name": "Huiselijk geweld", "slug": "huiselijk-geweld", "published": true, "summary": "Voorbeeld pagina zonder grijze lijn.", "content_is_collapsable": false, "icon": 52, "image": 52, "link": "", "auto_redirect_to_link": "", "button_text": "Aanvraag starten", "form": "", "content": "## **Logeeradres vinden**\r\n\r\nLogeeropvang voor volwassenen wordt aangeboden door verschillende soorten organisaties. Zoals logeerhuizen, zorginstellingen, woonvormen en zorgboerderijen. Kijk onder ‘[**Organisaties**](https://www.deventerwijzer.nl/is/organisaties?x=83)’ en/of [**Hulpaanbod**](https://www.deventerwijzer.nl/is/producten?x=244) voor mogelijkheden. De opvang kan op verschillende manieren vergoed worden.\r\n\r\nVoor opvang voor kinderen kunt u ook kijken bij [**logeeropvang voor uw kind**](https://www.deventerwijzer.nl/is/een-vraag-over-2/opvoeding/kind-met-beperking/opvang-en-wonen/logeeropvang-jeugd).\r\n\r\n![](/media/filer_public/ff/4f/ff4fa8b5-de9a-454e-8d58-5c8b2b6d45e5/enschede.png)\r\n\r\n## **Logeeropvang voor volwassenen**\r\n\r\nLogeeropvang is [**respijtzorg**](https://www.deventerwijzer.nl/is/een-vraag-over-2/zorgen-voor-een-ander/hulp-bij-de-mantelzorg/respijtzorg): het is bedoeld om de mantelzorger rust te geven. Het is een vorm van ondersteuning vanuit de Wet maatschappelijke ondersteuning ([**Wmo**](https://www.deventerwijzer.nl/is/een-vraag-over-2/zorg-en-ondersteuning/wmo/wmo)). Uitgangspunt van deze wet is dat u eerst kijkt of u een probleem misschien met [**hulp uit uw eigen omgeving**](https://www.deventerwijzer.nl/is/een-vraag-over-2/zorgen-voor-een-ander/hulp-bij-de-mantelzorg/hulp-vragen) kunt oplossen. Of misschien met hulp van een [**vrijwilliger**](https://www.deventerwijzer.nl/is/een-vraag-over-2/vrijwilligerswerk/hulp-zoeken/vrijwilliger-nodig).\r\n\r\nIs dat geen oplossing, dan kunt u contact opnemen met [**Team Toegang Wmo**](https://www.deventerwijzer.nl/is/een-vraag-over-2/zorg-en-ondersteuning/team-toegang-wmo/werkwijze) voor logeeropvang. Een medewerker van team toegang wmo bekijkt dan samen met u of logeeropvang een geschikte oplossing is.\r\n\r\n## **Logeeropvang en langdurige zorg (Wlz)**\r\n\r\nKrijgt u langdurige zorg (uit de Wet langdurige zorg, de [**Wlz**](https://www.deventerwijzer.nl/is/een-vraag-over-2/zorg-en-ondersteuning/zorg-aanvragen/zorgwetten/wlz-zorg)) dan is het ook mogelijk om logeeropvang te regelen. Voorwaarde is dat iemand thuis woont, met Wlz-zorg aan huis, en wordt verzorgd door een familielid of mantelzorger. Dit geldt ook voor kinderen en jongeren met een Wlz-indicatie. Heeft u een indicatie voor Wlz-zorg, dan helpt het zorgkantoor u bij het regelen van logeeropvang. U kunt logeeropvang eventueel betalen vanuit een persoonsgebonden budget (pgb).\r\n\r\n## **Eigen bijdrage**\r\n\r\nVoor kortdurend verblijf betaalt u een [**eigen bijdrage**](https://www.deventerwijzer.nl/is/een-vraag-over-2/zorg-en-ondersteuning/zorg-aanvragen/eigen-bijdrage). Dit geldt niet voor de logeeropvang van kinderen tot 18 jaar.", "video": null, "costs": "0.00", "created_on": "2021-11-25T10:24:23.326Z", "updated_on": "2023-07-17T13:31:23.825Z", "keywords": "[]", "uniforme_productnaam": "", "related_products": [], "tags": [1], "organizations": [4, 5, 6], "contacts": [], "locations": [], "conditions": []}}, {"model": "pdc.product", "pk": 37, "fields": {"name": "Dementie", "slug": "dementie", "published": true, "summary": "Duis aute irure dolor in reprehenderit in voluptate velit esse cillum dolore eu fugiat nulla pariatur.", "content_is_collapsable": false, "icon": null, "image": null, "link": "", "auto_redirect_to_link": "", "button_text": "Aanvraag starten", "form": "", "content": "### Eenvoudige uitleg\r\n\r\nVoor uitleg in simpele taal kunt u ook kijken op Mijnondersteuningsplan.nl, een website die informatie geeft over [het ondersteuningsplan](#), een soort persoonlijk plan. U kunt ook zelf een ondersteuningsplan maken door de vragen op de website te beantwoorden. Daarna kunt u het plan uitprinten. [Maykin site extern](https://www.maykin.nl).\r\n\r\nKlik op de afbeelding om naar de website te gaan:\r\n\r\n![](/media/filer_public/17/d4/17d447cd-5d62-4fba-a048-e76cd67bbace/square-image.png)\r\n\r\n### Persoonlijk plan en keukentafelgesprek\r\n\r\nU mag een persoonlijk plan maken als u een melding doet bij Team Toegang Wmo, maar dit is niet verplicht. Lever het plan in uiterlijk 7 dagen nadat u melding heeft gedaan. Levert u het plan op tijd in, dan is de gemeente verplicht om het plan te bespreken bij het keukentafelgesprek.\r\n\r\nHet is daarom handig om al met het persoonlijk plan te beginnen voordat u een melding doet bij Team Toegang Wmo. Dan heeft u er meer tijd voor. Meer lezen over de Wmo-melding.\r\n\r\n## Persoonlijk plan maken\r\n\r\nEen persoonlijk plan maakt u in principe zelf. Komt u er alleen niet uit, vraag dan hulp aan iemand in uw omgeving. U kunt ook gratis hulp en advies krijgen van een cliëntondersteuner.\r\n\r\nWilt u aan de slag met maken van een persoonlijk plan, dan kunt u hier een Word-bestand met uitleg en werkbladen downloaden (DOCX, 19,9 kB). Deze vragenlijsten kunt u invullen en als basis voor uw plan gebruiken. Ze zijn onderdeel van de uitgebreide folder over het keukentafelgesprek (PDF, 168,9 kB).\r\n\r\n### Online vragenlijst als hulpmiddel bij persoonlijk plan\r\n\r\nDoor een vragenlijst in te vullen over uw leven kunt u gemakkelijk een overzicht krijgen van wat er speelt. Dat kan handig zijn bij het maken van uw persoonlijk plan.\r\n\r\nU kunt bijvoorbeeld eens kijken op Mijn ZRM, een website waar u uw zelfredzaamheid kunt meten door stellingen te beantwoorden. ZRM staat voor zelfredzaamheidsmatrix. Veel gemeenten werken met deze methode.  \r\nMijn kwaliteit van leven: op deze website kunt u met vragenlijsten uw situatie in beeld brengen. U kunt het resultaat gebruiken bij het maken van een persoonlijk plan. Maar de gegevens helpen ook om voor heel Nederland een beeld te schetsen. De makers van de website gebruiken dit om landelijk aandacht te vragen voor betere zorg.  \r\nBent u van plan om een persoonsgebonden budget (pgb) aan te vragen, dan kunt u eens kijken naar de tips en het voorbeeldformulier van Per Saldo, de belangenvereniging voor mensen met een pgb.", "video": 2, "costs": "0.00", "created_on": "2021-11-25T10:24:23.407Z", "updated_on": "2023-09-21T09:46:11.742Z", "keywords": "[]", "uniforme_productnaam": "", "related_products": [1], "tags": [1, 2, 3, 4], "organizations": [], "contacts": [], "locations": [], "conditions": [1]}}, {"model": "pdc.product", "pk": 38, "fields": {"name": "Individuele studietoeslag aanvragen", "slug": "individuele-studietoeslag-aanvragen", "published": true, "summary": "Veel studenten hebben een bijbaan om hun studie te kunnen betalen. Maar studenten met een structurele medische beperking zijn niet in staat om bij te verdienen. Voor hen is er de individuele studietoeslag. Dit geeft een steuntje in de rug om toch een opleiding te doen.", "content_is_collapsable": false, "icon": null, "image": null, "link": "https://www.deventer.nl/individuelestudietoeslag", "auto_redirect_to_link": "", "button_text": "Aanvraag starten", "form": "", "content": "## Individuele studietoeslag aanvragen\r\n\r\nJe vraagt individuele studietoeslag aan met het [aanvraagformulier](http://www.deventer.nl/loketten/documenten-digitaal-loket/formulier-ind-studietoeslag-3112b). Dit formulier stuur je samen met bewijsstukken naar de gemeente Deventer. Zonder bewijsstukken kunnen wij je aanvraag niet behandelen.\r\n\r\n\\[CTABUTTON\\]\r\n\r\nBewijsstukken die de gemeente nodig heeft:\r\n\r\n*   kopie geldig identiteitsbewijs;\r\n*   kopie bewijs [studiefinanciering](https://example.org) (WSF of WTOS);\r\n*   bewijs volgen opleiding;\r\n*   kopie bankafschriften van alle bank/spaarrekeningen van de laatste 3 maanden;\r\n*   kopie bewijs overige bezittingen en/of schulden;\r\n*   kopie beslissing toekenning indicatie banenafspraak/verklaring opname doelgroepenregister (UWV), òf verklaring van deskundige (bijv arts of school) m.b.t. je beperkingen.\r\n\r\n## Aanvraag schriftelijk indienen\r\n\r\nJe print het formulier uit, vult het in en ondertekent het. Het formulier stuur je samen met aanvullende documenten naar:\r\n\r\nGemeente Deventer  \r\nt.a.v. Jongerenloket  \r\nAntwoordnummer 225 (postzegel niet nodig)  \r\n7400 VB Deventer\r\n\r\n## Aanvraag per e-mail indienen\r\n\r\nJe scant het formulier dat je hebt ingevuld en ondertekend, met de aanvullende documenten. Daarna verstuur je alles per e-mail aan: [jongerenloket@deventer.nl](mailto:jongerenloket@deventer.nl)\r\n\r\n## Aanvraag aan de balie inleveren\r\n\r\nJe kunt het aanvraagformulier en bijbehorende documenten ook afgeven aan de balie van het stadhuis, t.a.v. Jongerenloket, Birgitte Flapper.\r\n\r\n## Voorwaarden\r\n\r\nOm individuele studietoeslag aan te kunnen vragen moet je aan alle voorwaarden voldoen:\r\n\r\n*   je bent 18 jaar of ouder;\r\n*   je volgt een studie waarbij je studiefinanciering (WSF 2000) of een tegemoetkoming in de studiekosten (Wtos) ontvangt;\r\n*   je hebt niet meer vermogen dan je voor de [Participatiewet](https://wetten.overheid.nl/BWBR0015703/2021-01-01) mag hebben;\r\n*   je bent door een structurele medische beperking niet in staat om naast je studie te werken;\r\n*   je ontvangt geen uitkering van het UWV (bijvoorbeeld Wajong, WIA);\r\n*   ontvang je geld voor levensonderhoud, zoals alimentatie, wezenpensioen of inkomsten uit stage? Deze worden verrekend met de individuele studietoeslag.", "video": null, "costs": "0.01", "created_on": "2021-12-16T08:06:52.412Z", "updated_on": "2023-06-13T18:35:30.566Z", "keywords": "[\"studiefinanciering\"]", "uniforme_productnaam": "", "related_products": [1], "tags": [1], "organizations": [7], "contacts": [1], "locations": [], "conditions": [2, 3]}}, {"model": "pdc.product", "pk": 96, "fields": {"name": "Ditiseenredelijklangetitelvaneen product test en levert problemen op in Anchor menu?", "slug": "ditiseenredelijklangetitelvan-een-product-en-levert-problemen-op-in-anchor-menu", "published": true, "summary": "Lorem ipsum dolor sit amet, consectetur adipiscing elit. Donec rutrum consectetur lectus, eu ullamcorper massa condimentum vitae. Sed imperdiet sapien ac orci maximus molestie.", "content_is_collapsable": false, "icon": 65, "image": 82, "link": "", "auto_redirect_to_link": "", "button_text": "Aanvraag starten", "form": "", "content": "https://www.kaas.nl\r\n\r\nMaecenas et pretium eros, quis venenatis quam. Integer placerat quis velit in egestas. Maecenas et quam ac nisl dictum aliquet eget sit amet dui. Sed imperdiet vitae purus non congue. Etiam mollis augue at mauris pretium volutpat. Curabitur vitae hendrerit dolor. Etiam ullamcorper elit a sapien porta auctor. Donec porta pharetra ornare. Aliquam consectetur sem id tincidunt suscipit. Duis pulvinar augue et pharetra ultrices. Lorem ipsum dolor sit amet, consectetur adipiscing elit. Quisque pretium augue eget odio mattis malesuada. Suspendisse bibendum risus sit amet ante mollis posuere. Phasellus lacinia, nisi et vulputate placerat, justo lacus egestas leo, non commodo neque velit non enim. Donec ac dictum arcu, sit amet faucibus nibh.\r\n\r\n<table><tbody><tr><td>Woonsituatie</td><td>maximale hoogte vermogen</td></tr><tr><td>Alleenstaande</td><td>€ 27.00,00</td></tr><tr><td>Alleenstaande ouder met inwonende kinderen</td><td>€ 15.500,00</td></tr></tbody></table>\r\n\r\n<table><tbody><tr><td>Huishouden</td><td>wijk</td><td>lorem ipsum</td><td>vermogen</td></tr><tr><td>Alleenstaande</td><td>Lorem</td><td>Aenean commodo ligula</td><td>€ 27.000,00</td></tr><tr><td>Alleenstaande ouder met inwonende kinderen</td><td>Dolor sit amet</td><td>Vivamus elementum</td><td>€ 15.500,00</td></tr><tr><td>Echtpaar of samenwonend</td><td>Aenean commodo ligula</td><td>Maecenas nec odio</td><td>€ 18.300,00</td></tr></tbody></table>\r\n\r\nEcenas et pretium eros, quis venenatis quam. Integer placerat quis velit in egestas. Maecenas et quam ac nisl dictum aliquet eget sit amet dui. Sed imperdiet vitae purus non congue. Etiam mollis augue at mauris pretium volutpat. Curabitur vitae hendrerit dolor. Etiam ullamcorper elit a sapien porta auctor. Donec porta pharetra ornare. Aliquam consectetur sem id tincidunt suscipit. Duis pulvinar augue et pharetra ultrices. Lorem ipsum dolor sit amet, consectetur adipiscing elit. Quisque pretium augue eget odio mattis malesuada. Suspendisse bibendum risus sit amet ante mollis posuere. Phasellus lacinia, nisi et vulputate placerat, justo lacus egestas leo, non commodo neque velit non enim. Donec ac dictum arcu, sit amet faucibus nibh.  \r\nMaecenas et pretium eros, quis venenatis quam. Integer placerat quis velit in egestas. Maecenas et quam ac nisl dictum aliquet eget sit amet dui. Sed imperdiet vitae purus non congue. Etiam mollis augue at mauris pretium volutpat. Curabitur vitae hendrerit dolor. Etiam ullamcorper elit a sapien porta auctor. Donec porta pharetra ornare. Aliquam consectetur sem id tincidunt suscipit. Duis pulvinar augue et pharetra ultrices. Lorem ipsum dolor sit amet, consectetur adipiscing elit. Quisque pretium augue eget odio mattis malesuada. Suspendisse bibendum risus sit amet ante mollis posuere. Phasellus lacinia, nisi et vulputate placerat, justo lacus egestas leo, non commodo neque velit non enim. Donec ac dictum arcu, sit amet faucibus nibh.", "video": null, "costs": "20.00", "created_on": "2022-09-29T06:51:33.358Z", "updated_on": "2024-06-20T11:43:37.458Z", "keywords": "[]", "uniforme_productnaam": "", "related_products": [1], "tags": [3], "organizations": [10], "contacts": [1], "locations": [1], "conditions": []}}, {"model": "pdc.product", "pk": 101, "fields": {"name": "Pijltjes test", "slug": "pijltjes-test", "published": true, "summary": "product", "content_is_collapsable": false, "icon": null, "image": null, "link": "", "auto_redirect_to_link": "", "button_text": "Aanvraag starten", "form": "", "content": "lorem ipsum", "video": null, "costs": "0.00", "created_on": "2023-02-16T13:36:19.994Z", "updated_on": "2023-02-16T13:51:44.016Z", "keywords": "[]", "uniforme_productnaam": "", "related_products": [], "tags": [], "organizations": [], "contacts": [], "locations": [], "conditions": []}}, {"model": "pdc.productcontact", "pk": 1, "fields": {"organization": null, "first_name": "Individuele", "last_name": "aanvragen", "email": "", "phonenumber": "", "role": ""}}, {"model": "pdc.productcontact", "pk": 2, "fields": {"organization": 8, "first_name": "Klaas", "last_name": "de Vries", "email": "klaas@deventer.nl", "phonenumber": "0612345678", "role": "Begeleider logeeropvang"}}, {"model": "pdc.productlink", "pk": 1, "fields": {"product": 1, "name": "Mijn ZRM", "url": "https://maykinmedia.nl"}}, {"model": "pdc.productlink", "pk": 2, "fields": {"product": 1, "name": "Per Saldo: Slim lijstje - Persoonlijk plan", "url": "https://maykinmedia.nl"}}, {"model": "pdc.productlink", "pk": 3, "fields": {"product": 1, "name": "Mijn kwaliteit van leven", "url": "https://maykinmedia.nl"}}, {"model": "pdc.productlink", "pk": 7, "fields": {"product": 3, "name": "Voorbeeld link", "url": "https://google.com"}}, {"model": "pdc.productlink", "pk": 8, "fields": {"product": 3, "name": "Tweede link", "url": "https://www.maykinmedia.nl"}}, {"model": "pdc.productlink", "pk": 9, "fields": {"product": 18, "name": "Langenaam van een link 1 | Langlinksite", "url": "https://www.1kaas.nl"}}, {"model": "pdc.productlink", "pk": 10, "fields": {"product": 18, "name": "Ook een lange naam 2 | Minderlangelinksite", "url": "https://www.2kaas.nl"}}, {"model": "pdc.productlink", "pk": 11, "fields": {"product": 18, "name": "Bizar al deze lange titles van links 3 | Langlinksite", "url": "https://www.3kaas.nl"}}, {"model": "pdc.productlink", "pk": 12, "fields": {"product": 18, "name": "Bizar al deze lange titles van links 4 | Langlinksite", "url": "https://www.4kaas.nl"}}, {"model": "pdc.productlocation", "pk": 1, "fields": {"street": "Dam", "housenumber": "9", "postcode": "1012 JS", "city": "Amsterdam", "geometry": "SRID=4326;POINT (4.89438464 52.37272915)", "uuid": "1da72c1c-26cb-46c5-860d-86a4f05644d0", "name": "Locatie MaykinMediaLangNaam-AfbraakHyphenStreepje", "email": "jiro@djangotraining.nl", "phonenumber": "0203333333"}}, {"model": "pdc.productlocation", "pk": 3, "fields": {"street": "jiro@jirosworld.com", "housenumber": "61", "postcode": "1075 VJ", "city": "Deventer", "geometry": "SRID=4326;POINT (4.8532636 52.35236436)", "uuid": "c9386271-b911-44ba-9fd4-532581d79a3f", "name": "Grachtenpand", "email": "jiro@maykin.com", "phonenumber": "0101111111"}}, {"model": "pdc.productcondition", "pk": 1, "fields": {"order": 0, "name": "Ouder dan 18", "question": "Bent u ouder dan 18 jaar?", "positive_text": "U bent ouder dan 18 jaar", "negative_text": "U bent jonger dan 18 jaar", "rule": ""}}, {"model": "pdc.productcondition", "pk": 2, "fields": {"order": 1, "name": "Kort verblijf", "question": "Heeft u voldoende aan een kort verblijf?", "positive_text": "U heeft voldoende aan een kort verblijf", "negative_text": "U heeft langdurig een verblijf nodig", "rule": ""}}, {"model": "pdc.productcondition", "pk": 3, "fields": {"order": 2, "name": "Woonplaats gemeente Deventer", "question": "Woon je in Deventer?", "positive_text": "Je woont in Deventer", "negative_text": "Je woont niet in Deventer", "rule": "De woonplaats is van belang voor bepaalde producten."}}, {"model": "pdc.tag", "pk": 1, "fields": {"name": "Zorg en ondersteuning", "slug": "zorg-en-ondersteuning", "icon": null, "type": null}}, {"model": "pdc.tag", "pk": 2, "fields": {"name": "Wmo", "slug": "wmo", "icon": null, "type": null}}, {"model": "pdc.tag", "pk": 3, "fields": {"name": "Gezond blijven", "slug": "gezond-blijven", "icon": null, "type": null}}, {"model": "pdc.tag", "pk": 4, "fields": {"name": "Thema", "slug": "thema", "icon": null, "type": null}}]