[
{
    "model": "cms.treenode",
    "pk": 17,
    "fields": {
        "path": "0001",
        "depth": 1,
        "numchild": 4,
        "parent": null,
        "site": [
            "example.com"
        ]
    }
},
{
    "model": "cms.treenode",
    "pk": 18,
    "fields": {
        "path": "00010001",
        "depth": 2,
        "numchild": 0,
        "parent": 17,
        "site": [
            "example.com"
        ]
    }
},
{
    "model": "cms.treenode",
    "pk": 19,
    "fields": {
        "path": "00010002",
        "depth": 2,
        "numchild": 0,
        "parent": 17,
        "site": [
            "example.com"
        ]
    }
},
{
    "model": "cms.treenode",
    "pk": 20,
    "fields": {
        "path": "00010003",
        "depth": 2,
        "numchild": 0,
        "parent": 17,
        "site": [
            "example.com"
        ]
    }
},
{
    "model": "cms.treenode",
    "pk": 21,
    "fields": {
        "path": "00010004",
        "depth": 2,
        "numchild": 0,
        "parent": 17,
        "site": [
            "example.com"
        ]
    }
},
{
    "model": "cms.treenode",
    "pk": 22,
    "fields": {
        "path": "0002",
        "depth": 1,
        "numchild": 0,
        "parent": null,
        "site": [
            "example.com"
        ]
    }
},
{
    "model": "cms.placeholder",
    "pk": 1,
    "fields": {
        "slot": "clipboard",
        "default_width": null
    }
},
{
    "model": "cms.placeholder",
    "pk": 2,
    "fields": {
        "slot": "banner",
        "default_width": null
    }
},
{
    "model": "cms.placeholder",
    "pk": 3,
    "fields": {
        "slot": "content",
        "default_width": null
    }
},
{
    "model": "cms.placeholder",
    "pk": 4,
    "fields": {
        "slot": "banner",
        "default_width": null
    }
},
{
    "model": "cms.placeholder",
    "pk": 5,
    "fields": {
        "slot": "content",
        "default_width": null
    }
},
{
    "model": "cms.placeholder",
    "pk": 6,
    "fields": {
        "slot": "banner",
        "default_width": null
    }
},
{
    "model": "cms.placeholder",
    "pk": 7,
    "fields": {
        "slot": "content",
        "default_width": null
    }
},
{
    "model": "cms.placeholder",
    "pk": 8,
    "fields": {
        "slot": "banner",
        "default_width": null
    }
},
{
    "model": "cms.placeholder",
    "pk": 9,
    "fields": {
        "slot": "content",
        "default_width": null
    }
},
{
    "model": "cms.placeholder",
    "pk": 10,
    "fields": {
        "slot": "banner",
        "default_width": null
    }
},
{
    "model": "cms.placeholder",
    "pk": 11,
    "fields": {
        "slot": "content",
        "default_width": null
    }
},
{
    "model": "cms.placeholder",
    "pk": 12,
    "fields": {
        "slot": "banner",
        "default_width": null
    }
},
{
    "model": "cms.placeholder",
    "pk": 13,
    "fields": {
        "slot": "content",
        "default_width": null
    }
},
{
    "model": "cms.placeholder",
    "pk": 14,
    "fields": {
        "slot": "banner",
        "default_width": null
    }
},
{
    "model": "cms.placeholder",
    "pk": 15,
    "fields": {
        "slot": "content",
        "default_width": null
    }
},
{
    "model": "cms.placeholder",
    "pk": 16,
    "fields": {
        "slot": "banner",
        "default_width": null
    }
},
{
    "model": "cms.placeholder",
    "pk": 17,
    "fields": {
        "slot": "content",
        "default_width": null
    }
},
{
    "model": "cms.placeholder",
    "pk": 18,
    "fields": {
        "slot": "banner",
        "default_width": null
    }
},
{
    "model": "cms.placeholder",
    "pk": 19,
    "fields": {
        "slot": "content",
        "default_width": null
    }
},
{
    "model": "cms.placeholder",
    "pk": 20,
    "fields": {
        "slot": "banner",
        "default_width": null
    }
},
{
    "model": "cms.placeholder",
    "pk": 21,
    "fields": {
        "slot": "content",
        "default_width": null
    }
},
{
    "model": "cms.placeholder",
    "pk": 22,
    "fields": {
        "slot": "banner",
        "default_width": null
    }
},
{
    "model": "cms.placeholder",
    "pk": 23,
    "fields": {
        "slot": "content",
        "default_width": null
    }
},
{
    "model": "cms.placeholder",
    "pk": 24,
    "fields": {
        "slot": "banner",
        "default_width": null
    }
},
{
    "model": "cms.placeholder",
    "pk": 25,
    "fields": {
        "slot": "content",
        "default_width": null
    }
},
{
    "model": "cms.page",
    "pk": 32,
    "fields": {
        "created_by": "vasileios@maykinmedia.nl",
        "changed_by": "vasileios@maykinmedia.nl",
        "creation_date": "2023-05-15T14:24:31.407Z",
        "changed_date": "2023-05-15T14:24:45.166Z",
        "publication_date": "2023-05-15T14:24:31.435Z",
        "publication_end_date": null,
        "in_navigation": true,
        "soft_root": false,
        "reverse_id": "home",
        "navigation_extenders": null,
        "template": "INHERIT",
        "login_required": false,
        "limit_visibility_in_menu": null,
        "is_home": true,
        "application_urls": "",
        "application_namespace": null,
        "publisher_is_draft": true,
        "publisher_public": 33,
        "languages": "nl",
        "xframe_options": 0,
        "is_page_type": false,
        "node": 17,
        "placeholders": [
            2,
            3
        ]
    }
},
{
    "model": "cms.page",
    "pk": 33,
    "fields": {
        "created_by": "vasileios@maykinmedia.nl",
        "changed_by": "vasileios@maykinmedia.nl",
        "creation_date": "2023-05-15T14:24:31.435Z",
        "changed_date": "2023-05-15T14:29:49.477Z",
        "publication_date": "2023-05-15T14:24:31.435Z",
        "publication_end_date": null,
        "in_navigation": true,
        "soft_root": false,
        "reverse_id": "home",
        "navigation_extenders": null,
        "template": "INHERIT",
        "login_required": false,
        "limit_visibility_in_menu": null,
        "is_home": true,
        "application_urls": "",
        "application_namespace": null,
        "publisher_is_draft": false,
        "publisher_public": 32,
        "languages": "nl",
        "xframe_options": 0,
        "is_page_type": false,
        "node": 17,
        "placeholders": [
            4,
            5
        ]
    }
},
{
    "model": "cms.page",
    "pk": 34,
    "fields": {
        "created_by": "vasileios@maykinmedia.nl",
        "changed_by": "vasileios@maykinmedia.nl",
        "creation_date": "2023-05-15T14:25:05.260Z",
        "changed_date": "2023-05-15T14:25:21.761Z",
        "publication_date": "2023-05-15T14:27:47.230Z",
        "publication_end_date": null,
        "in_navigation": true,
        "soft_root": false,
        "reverse_id": null,
        "navigation_extenders": null,
        "template": "INHERIT",
        "login_required": false,
        "limit_visibility_in_menu": null,
        "is_home": false,
        "application_urls": "ProfileApphook",
        "application_namespace": "profile-apphook-config",
        "publisher_is_draft": true,
        "publisher_public": 39,
        "languages": "nl",
        "xframe_options": 0,
        "is_page_type": false,
        "node": 18,
        "placeholders": [
            6,
            7
        ]
    }
},
{
    "model": "cms.page",
    "pk": 35,
    "fields": {
        "created_by": "vasileios@maykinmedia.nl",
        "changed_by": "vasileios@maykinmedia.nl",
        "creation_date": "2023-05-15T14:25:40.208Z",
        "changed_date": "2023-05-15T14:25:56.114Z",
        "publication_date": "2023-05-15T14:27:52.036Z",
        "publication_end_date": null,
        "in_navigation": true,
        "soft_root": false,
        "reverse_id": null,
        "navigation_extenders": null,
        "template": "cms/fullwidth.html",
        "login_required": false,
        "limit_visibility_in_menu": null,
        "is_home": false,
        "application_urls": "InboxApphook",
        "application_namespace": "inbox",
        "publisher_is_draft": true,
        "publisher_public": 40,
        "languages": "nl",
        "xframe_options": 0,
        "is_page_type": false,
        "node": 19,
        "placeholders": [
            8,
            9
        ]
    }
},
{
    "model": "cms.page",
    "pk": 36,
    "fields": {
        "created_by": "vasileios@maykinmedia.nl",
        "changed_by": "vasileios@maykinmedia.nl",
        "creation_date": "2023-05-15T14:26:21.765Z",
        "changed_date": "2023-05-15T14:26:32.658Z",
        "publication_date": "2023-05-15T14:27:56.522Z",
        "publication_end_date": null,
        "in_navigation": true,
        "soft_root": false,
        "reverse_id": null,
        "navigation_extenders": null,
        "template": "INHERIT",
        "login_required": false,
        "limit_visibility_in_menu": null,
        "is_home": false,
        "application_urls": "CollaborateApphook",
        "application_namespace": "collaborate",
        "publisher_is_draft": true,
        "publisher_public": 41,
        "languages": "nl",
        "xframe_options": 0,
        "is_page_type": false,
        "node": 20,
        "placeholders": [
            10,
            11
        ]
    }
},
{
    "model": "cms.page",
    "pk": 37,
    "fields": {
        "created_by": "vasileios@maykinmedia.nl",
        "changed_by": "vasileios@maykinmedia.nl",
        "creation_date": "2023-05-15T14:26:53.373Z",
        "changed_date": "2023-05-15T14:27:09.288Z",
        "publication_date": "2023-05-15T14:28:01.077Z",
        "publication_end_date": null,
        "in_navigation": true,
        "soft_root": false,
        "reverse_id": null,
        "navigation_extenders": null,
        "template": "INHERIT",
        "login_required": false,
        "limit_visibility_in_menu": null,
        "is_home": false,
        "application_urls": "CasesApphook",
        "application_namespace": "cases",
        "publisher_is_draft": true,
        "publisher_public": 42,
        "languages": "nl",
        "xframe_options": 0,
        "is_page_type": false,
        "node": 21,
        "placeholders": [
            12,
            13
        ]
    }
},
{
    "model": "cms.page",
    "pk": 38,
    "fields": {
        "created_by": "vasileios@maykinmedia.nl",
        "changed_by": "vasileios@maykinmedia.nl",
        "creation_date": "2023-05-15T14:27:22.552Z",
        "changed_date": "2023-05-15T14:27:31.202Z",
        "publication_date": "2023-05-15T14:28:05.823Z",
        "publication_end_date": null,
        "in_navigation": true,
        "soft_root": false,
        "reverse_id": null,
        "navigation_extenders": null,
        "template": "INHERIT",
        "login_required": false,
        "limit_visibility_in_menu": null,
        "is_home": false,
        "application_urls": "ProductsApphook",
        "application_namespace": "products",
        "publisher_is_draft": true,
        "publisher_public": 43,
        "languages": "nl",
        "xframe_options": 0,
        "is_page_type": false,
        "node": 22,
        "placeholders": [
            14,
            15
        ]
    }
},
{
    "model": "cms.page",
    "pk": 39,
    "fields": {
        "created_by": "vasileios@maykinmedia.nl",
        "changed_by": "vasileios@maykinmedia.nl",
        "creation_date": "2023-05-15T14:27:47.231Z",
        "changed_date": "2023-05-15T14:41:04.691Z",
        "publication_date": "2023-05-15T14:27:47.230Z",
        "publication_end_date": null,
        "in_navigation": true,
        "soft_root": false,
        "reverse_id": null,
        "navigation_extenders": null,
        "template": "INHERIT",
        "login_required": false,
        "limit_visibility_in_menu": null,
        "is_home": false,
        "application_urls": "ProfileApphook",
        "application_namespace": "profile-apphook-config",
        "publisher_is_draft": false,
        "publisher_public": 34,
        "languages": "nl",
        "xframe_options": 0,
        "is_page_type": false,
        "node": 18,
        "placeholders": [
            16,
            17
        ]
    }
},
{
    "model": "cms.page",
    "pk": 40,
    "fields": {
        "created_by": "vasileios@maykinmedia.nl",
        "changed_by": "vasileios@maykinmedia.nl",
        "creation_date": "2023-05-15T14:27:52.036Z",
        "changed_date": "2023-05-15T14:41:07.900Z",
        "publication_date": "2023-05-15T14:27:52.036Z",
        "publication_end_date": null,
        "in_navigation": true,
        "soft_root": false,
        "reverse_id": null,
        "navigation_extenders": null,
        "template": "cms/fullwidth.html",
        "login_required": false,
        "limit_visibility_in_menu": null,
        "is_home": false,
        "application_urls": "InboxApphook",
        "application_namespace": "inbox",
        "publisher_is_draft": false,
        "publisher_public": 35,
        "languages": "nl",
        "xframe_options": 0,
        "is_page_type": false,
        "node": 19,
        "placeholders": [
            18,
            19
        ]
    }
},
{
    "model": "cms.page",
    "pk": 41,
    "fields": {
        "created_by": "vasileios@maykinmedia.nl",
        "changed_by": "vasileios@maykinmedia.nl",
        "creation_date": "2023-05-15T14:27:56.522Z",
        "changed_date": "2023-05-15T14:32:26.741Z",
        "publication_date": "2023-05-15T14:27:56.522Z",
        "publication_end_date": null,
        "in_navigation": true,
        "soft_root": false,
        "reverse_id": null,
        "navigation_extenders": null,
        "template": "INHERIT",
        "login_required": false,
        "limit_visibility_in_menu": null,
        "is_home": false,
        "application_urls": "CollaborateApphook",
        "application_namespace": "collaborate",
        "publisher_is_draft": false,
        "publisher_public": 36,
        "languages": "nl",
        "xframe_options": 0,
        "is_page_type": false,
        "node": 20,
        "placeholders": [
            20,
            21
        ]
    }
},
{
    "model": "cms.page",
    "pk": 42,
    "fields": {
        "created_by": "vasileios@maykinmedia.nl",
        "changed_by": "vasileios@maykinmedia.nl",
        "creation_date": "2023-05-15T14:28:01.078Z",
        "changed_date": "2023-05-15T14:28:01.078Z",
        "publication_date": "2023-05-15T14:28:01.077Z",
        "publication_end_date": null,
        "in_navigation": true,
        "soft_root": false,
        "reverse_id": null,
        "navigation_extenders": null,
        "template": "INHERIT",
        "login_required": false,
        "limit_visibility_in_menu": null,
        "is_home": false,
        "application_urls": "CasesApphook",
        "application_namespace": "cases",
        "publisher_is_draft": false,
        "publisher_public": 37,
        "languages": "nl",
        "xframe_options": 0,
        "is_page_type": false,
        "node": 21,
        "placeholders": [
            22,
            23
        ]
    }
},
{
    "model": "cms.page",
    "pk": 43,
    "fields": {
        "created_by": "vasileios@maykinmedia.nl",
        "changed_by": "vasileios@maykinmedia.nl",
        "creation_date": "2023-05-15T14:28:05.823Z",
        "changed_date": "2023-05-15T14:28:05.823Z",
        "publication_date": "2023-05-15T14:28:05.823Z",
        "publication_end_date": null,
        "in_navigation": true,
        "soft_root": false,
        "reverse_id": null,
        "navigation_extenders": null,
        "template": "INHERIT",
        "login_required": false,
        "limit_visibility_in_menu": null,
        "is_home": false,
        "application_urls": "ProductsApphook",
        "application_namespace": "products",
        "publisher_is_draft": false,
        "publisher_public": 38,
        "languages": "nl",
        "xframe_options": 0,
        "is_page_type": false,
        "node": 22,
        "placeholders": [
            24,
            25
        ]
    }
},
{
    "model": "cms.title",
    "pk": 32,
    "fields": {
        "language": "nl",
        "title": "Home",
        "page_title": "",
        "menu_title": "",
        "meta_description": "",
        "slug": "home",
        "path": "",
        "has_url_overwrite": false,
        "redirect": null,
        "page": 32,
        "creation_date": "2023-05-15T14:24:31.411Z",
        "published": true,
        "publisher_is_draft": true,
        "publisher_public": 33,
        "publisher_state": 0
    }
},
{
    "model": "cms.title",
    "pk": 33,
    "fields": {
        "language": "nl",
        "title": "Home",
        "page_title": "",
        "menu_title": "",
        "meta_description": "",
        "slug": "home",
        "path": "",
        "has_url_overwrite": false,
        "redirect": null,
        "page": 33,
        "creation_date": "2023-05-15T14:24:31.411Z",
        "published": true,
        "publisher_is_draft": false,
        "publisher_public": 32,
        "publisher_state": 0
    }
},
{
    "model": "cms.title",
    "pk": 34,
    "fields": {
        "language": "nl",
        "title": "Mijn Profiel",
        "page_title": "",
        "menu_title": "",
        "meta_description": "",
        "slug": "mijn-profiel",
        "path": "mijn-profiel",
        "has_url_overwrite": false,
        "redirect": null,
        "page": 34,
        "creation_date": "2023-05-15T14:25:05.262Z",
        "published": true,
        "publisher_is_draft": true,
        "publisher_public": 39,
        "publisher_state": 0
    }
},
{
    "model": "cms.title",
    "pk": 35,
    "fields": {
        "language": "nl",
        "title": "Mijn Berichten",
        "page_title": "",
        "menu_title": "",
        "meta_description": "",
        "slug": "mijn-berichten",
        "path": "mijn-berichten",
        "has_url_overwrite": false,
        "redirect": null,
        "page": 35,
        "creation_date": "2023-05-15T14:25:40.211Z",
        "published": true,
        "publisher_is_draft": true,
        "publisher_public": 40,
        "publisher_state": 0
    }
},
{
    "model": "cms.title",
    "pk": 36,
    "fields": {
        "language": "nl",
        "title": "Samenwerken",
        "page_title": "",
        "menu_title": "",
        "meta_description": "",
        "slug": "samenwerken",
        "path": "samenwerken",
        "has_url_overwrite": false,
        "redirect": null,
        "page": 36,
        "creation_date": "2023-05-15T14:26:21.769Z",
        "published": true,
        "publisher_is_draft": true,
        "publisher_public": 41,
        "publisher_state": 0
    }
},
{
    "model": "cms.title",
    "pk": 37,
    "fields": {
        "language": "nl",
        "title": "Mijn Aanvragen",
        "page_title": "",
        "menu_title": "",
        "meta_description": "",
        "slug": "mijn-aanvragen",
        "path": "mijn-aanvragen",
        "has_url_overwrite": false,
        "redirect": null,
        "page": 37,
        "creation_date": "2023-05-15T14:26:53.377Z",
        "published": true,
        "publisher_is_draft": true,
        "publisher_public": 42,
        "publisher_state": 0
    }
},
{
    "model": "cms.title",
    "pk": 38,
    "fields": {
        "language": "nl",
        "title": "Onderwerpen",
        "page_title": "",
        "menu_title": "",
        "meta_description": "",
        "slug": "onderwerpen",
        "path": "onderwerpen",
        "has_url_overwrite": false,
        "redirect": null,
        "page": 38,
        "creation_date": "2023-05-15T14:27:22.554Z",
        "published": true,
        "publisher_is_draft": true,
        "publisher_public": 43,
        "publisher_state": 0
    }
},
{
    "model": "cms.title",
    "pk": 39,
    "fields": {
        "language": "nl",
        "title": "Mijn Profiel",
        "page_title": "",
        "menu_title": "",
        "meta_description": "",
        "slug": "mijn-profiel",
        "path": "mijn-profiel",
        "has_url_overwrite": false,
        "redirect": null,
        "page": 39,
        "creation_date": "2023-05-15T14:25:05.262Z",
        "published": true,
        "publisher_is_draft": false,
        "publisher_public": 34,
        "publisher_state": 0
    }
},
{
    "model": "cms.title",
    "pk": 40,
    "fields": {
        "language": "nl",
        "title": "Mijn Berichten",
        "page_title": "",
        "menu_title": "",
        "meta_description": "",
        "slug": "mijn-berichten",
        "path": "mijn-berichten",
        "has_url_overwrite": false,
        "redirect": null,
        "page": 40,
        "creation_date": "2023-05-15T14:25:40.211Z",
        "published": true,
        "publisher_is_draft": false,
        "publisher_public": 35,
        "publisher_state": 0
    }
},
{
    "model": "cms.title",
    "pk": 41,
    "fields": {
        "language": "nl",
        "title": "Samenwerken",
        "page_title": "",
        "menu_title": "",
        "meta_description": "",
        "slug": "samenwerken",
        "path": "samenwerken",
        "has_url_overwrite": false,
        "redirect": null,
        "page": 41,
        "creation_date": "2023-05-15T14:26:21.769Z",
        "published": true,
        "publisher_is_draft": false,
        "publisher_public": 36,
        "publisher_state": 0
    }
},
{
    "model": "cms.title",
    "pk": 42,
    "fields": {
        "language": "nl",
        "title": "Mijn Aanvragen",
        "page_title": "",
        "menu_title": "",
        "meta_description": "",
        "slug": "mijn-aanvragen",
        "path": "mijn-aanvragen",
        "has_url_overwrite": false,
        "redirect": null,
        "page": 42,
        "creation_date": "2023-05-15T14:26:53.377Z",
        "published": true,
        "publisher_is_draft": false,
        "publisher_public": 37,
        "publisher_state": 0
    }
},
{
    "model": "cms.title",
    "pk": 43,
    "fields": {
        "language": "nl",
        "title": "Onderwerpen",
        "page_title": "",
        "menu_title": "",
        "meta_description": "",
        "slug": "onderwerpen",
        "path": "onderwerpen",
        "has_url_overwrite": false,
        "redirect": null,
        "page": 43,
        "creation_date": "2023-05-15T14:27:22.554Z",
        "published": true,
        "publisher_is_draft": false,
        "publisher_public": 38,
        "publisher_state": 0
    }
},
{
    "model": "cms.cmsplugin",
    "pk": 134,
    "fields": {
        "path": "0001",
        "depth": 1,
        "numchild": 0,
        "placeholder": 3,
        "parent": null,
        "position": 0,
        "language": "nl",
        "plugin_type": "ActivePlansPlugin",
        "creation_date": "2023-05-15T14:28:38.618Z",
        "changed_date": "2023-05-15T14:28:38.623Z"
    }
},
{
    "model": "cms.cmsplugin",
    "pk": 135,
    "fields": {
        "path": "0002",
        "depth": 1,
        "numchild": 0,
        "placeholder": 3,
        "parent": null,
        "position": 1,
        "language": "nl",
        "plugin_type": "CategoriesPlugin",
        "creation_date": "2023-05-15T14:29:11.209Z",
        "changed_date": "2023-05-15T14:29:11.215Z"
    }
},
{
    "model": "cms.cmsplugin",
    "pk": 136,
    "fields": {
        "path": "0003",
        "depth": 1,
        "numchild": 0,
        "placeholder": 3,
        "parent": null,
        "position": 2,
        "language": "nl",
        "plugin_type": "QuestionnairePlugin",
        "creation_date": "2023-05-15T14:29:20.128Z",
        "changed_date": "2023-05-15T14:29:20.132Z"
    }
},
{
    "model": "cms.cmsplugin",
    "pk": 137,
    "fields": {
        "path": "0004",
        "depth": 1,
        "numchild": 0,
        "placeholder": 3,
        "parent": null,
        "position": 3,
        "language": "nl",
        "plugin_type": "ProductFinderPlugin",
        "creation_date": "2023-05-15T14:29:29.427Z",
        "changed_date": "2023-05-15T14:29:29.430Z"
    }
},
{
    "model": "cms.cmsplugin",
    "pk": 138,
    "fields": {
        "path": "0005",
        "depth": 1,
        "numchild": 0,
        "placeholder": 3,
        "parent": null,
        "position": 4,
        "language": "nl",
        "plugin_type": "ProductLocationPlugin",
        "creation_date": "2023-05-15T14:29:38.308Z",
        "changed_date": "2023-05-15T14:29:38.313Z"
    }
},
{
    "model": "cms.cmsplugin",
    "pk": 139,
    "fields": {
        "path": "0006",
        "depth": 1,
        "numchild": 0,
        "placeholder": 5,
        "parent": null,
        "position": 0,
        "language": "nl",
        "plugin_type": "ActivePlansPlugin",
        "creation_date": "2023-05-15T14:29:49.501Z",
        "changed_date": "2023-05-15T14:29:49.503Z"
    }
},
{
    "model": "cms.cmsplugin",
    "pk": 140,
    "fields": {
        "path": "0007",
        "depth": 1,
        "numchild": 0,
        "placeholder": 5,
        "parent": null,
        "position": 1,
        "language": "nl",
        "plugin_type": "CategoriesPlugin",
        "creation_date": "2023-05-15T14:29:49.503Z",
        "changed_date": "2023-05-15T14:29:49.505Z"
    }
},
{
    "model": "cms.cmsplugin",
    "pk": 141,
    "fields": {
        "path": "0008",
        "depth": 1,
        "numchild": 0,
        "placeholder": 5,
        "parent": null,
        "position": 2,
        "language": "nl",
        "plugin_type": "QuestionnairePlugin",
        "creation_date": "2023-05-15T14:29:49.506Z",
        "changed_date": "2023-05-15T14:29:49.507Z"
    }
},
{
    "model": "cms.cmsplugin",
    "pk": 142,
    "fields": {
        "path": "0009",
        "depth": 1,
        "numchild": 0,
        "placeholder": 5,
        "parent": null,
        "position": 3,
        "language": "nl",
        "plugin_type": "ProductFinderPlugin",
        "creation_date": "2023-05-15T14:29:49.508Z",
        "changed_date": "2023-05-15T14:29:49.510Z"
    }
},
{
    "model": "cms.cmsplugin",
    "pk": 143,
    "fields": {
        "path": "000A",
        "depth": 1,
        "numchild": 0,
        "placeholder": 5,
        "parent": null,
        "position": 4,
        "language": "nl",
        "plugin_type": "ProductLocationPlugin",
        "creation_date": "2023-05-15T14:29:49.511Z",
        "changed_date": "2023-05-15T14:29:49.513Z"
    }
}
]
